keyword,volumen,cpc,competencia
"barrefit",1600,2.54,25
"barre fitness",1600,2.54,25
"barre fitness youtube",390,3.17,5
"what is a barre fitness class",50,2.41,7
"que es barre fit",10,0,2
"Qué es el barre fit",10,0,0
"barre fit cerca de mi",10,0,0
"barre fit o que é",10,0,0
"o que é barre fit",10,0,0
"barre fit youtube",10,0,0
"barre fit madrid",10,0,0
"barre fit gracia",10,0,0
"barre fit poblenou",10,0,0
"barre fit sant cugat",10,0,0
"barre fit beneficios",10,0,0
"barre fitness beneficios",10,0,0
"barra para barre fit",10,0,0
"barra para barre",10,0,0
"barrefit poblenou",10,0,0
"barrefit barcelona",10,0,0
"barrefit gracia",10,0,5
"barrefit studio",10,0,14
"barrefit online",10,0,0
"cardio barre fit yokohama",10,0,0
"cardio barre fit yokohama カーディオ バー フィット 横浜 店",10,0,0
"barre vs crossfit",10,0,0
"barre fit & fusion studio",10,0,0
"fit yourself barre",10,0,0
"barre fit que es",10,0,0
"fitbarre on demand",10,0,0
"ropa para barre fit",10,1.68,100
"que significa barre fit",0,0,0
"barre y fit",0,0,0
"barre y fit fusion",0,0,0
"clases de barre fit cerca de mi",0,0,0
"clases barre fit online",0,0,0
"formacion barre fit online",0,0,0
"o que e barre fit",0,0,0
"what is a barre fitness",0,0,0
"what is a barre fit class",0,0,0
"barre fit bilbao",0,0,0
"barre fit zaragoza",0,0,0
"barre fit murcia",0,0,0
"barre fit en barcelona",0,0,0
"fit barre gracia",0,0,0
"barre fit esplugues",0,0,0
"barre fit consell de cent",0,0,0
"barre fit calle perill",0,0,0
"oysho barre fit",0,0,0
"yoga barre fit",0,0,0
"barre para adelgazar",0,0,0
"barre para tonificar",0,0,0
"basic fit barre olympique",0,0,0
"barre olympique fit and rack",0,0,0
"barre fit vs pilates",0,0,0
"fit barre opiniones",0,0,0
"barre fit gijon",0,0,0
"barre fit granada",0,0,0
"barre fit tenerife",0,0,0
"barre fit significado",0,0,0
"barrefit opiniones",0,0,0
"barre fit clase",0,0,0
"barre fit ejercicios",0,0,0
"barre fit ourense",0,0,0
"barre fit oaxaca",0,0,0
"barre fit oviedo",0,0,0
"barre fit olot",0,0,0
"barre fit open level",0,0,0
"barre fit park orchards",0,0,0
"barre fit embarazada",0,0,0
"barre fit para iniciantes",0,0,0
"barre fit para que sirve",0,0,0
"barra para fitball",0,0,0
"barre fit c'est quoi",0,0,0
"barrefit estudio",0,0,0
"barre fit en casa",0,0,0
"barre fit ciudad real",0,0,0
"fitness boutique barre",0,0,0
"barre fit valencia",0,0,0
"barre fit palma",0,0,0
"barre fit sevilla",0,0,0
"Cuál es la diferencia entre pilates y barre",0,0,0
"Qué beneficios tiene barre",0,0,0
"Qué tan bueno es el barre para bajar de peso",0,0,0
